[
{
    "model": "users.user",
    "pk": 1,
    "fields": {
        "password": "pbkdf2_sha256$870000$Sf47BD9uC4gzPdMGiH5bOD$AGg4iFr83KENcyJlbZCKs2l5OcxAHUNAFDSdArGBp4c=",
        "last_login": "2025-06-14T14:27:32.093Z",
        "is_superuser": true,
        "first_name": "",
        "last_name": "",
        "is_staff": true,
        "is_active": true,
        "date_joined": "2025-06-14T14:27:17.371Z",
        "username": "admin",
        "email": "admin@gmail.com",
        "created_at": "2025-06-14T14:27:17.727Z",
        "updated_at": "2025-06-14T14:27:17.727Z",
        "groups": [],
        "user_permissions": []
    }
}
]
